hotel,arrival_date,total_reservations,canceled_reservations,cancellation_rate
"City Hotel",2015-07-01,79,14,17.7215
"City Hotel",2015-07-02,49,48,97.9592
"City Hotel",2015-07-03,16,6,37.5000
"City Hotel",2015-07-04,38,29,76.3158
"City Hotel",2015-07-05,8,8,100.0000
"City Hotel",2015-07-06,30,29,96.6667
"City Hotel",2015-07-07,19,17,89.4737
"City Hotel",2015-07-08,40,16,40.0000
"City Hotel",2015-07-09,46,45,97.8261
"City Hotel",2015-07-10,9,7,77.7778
"City Hotel",2015-07-11,62,31,50.0000
"City Hotel",2015-07-12,18,18,100.0000
"City Hotel",2015-07-13,33,32,96.9697
"City Hotel",2015-07-14,6,6,100.0000
"City Hotel",2015-07-15,42,18,42.8571
"City Hotel",2015-07-16,51,50,98.0392
"City Hotel",2015-07-17,91,36,39.5604
"City Hotel",2015-07-18,111,68,61.2613
"City Hotel",2015-07-19,7,7,100.0000
"City Hotel",2015-07-20,59,57,96.6102
"City Hotel",2015-07-21,39,39,100.0000
"City Hotel",2015-07-22,101,77,76.2376
"City Hotel",2015-07-23,91,52,57.1429
"City Hotel",2015-07-24,7,2,28.5714
"City Hotel",2015-07-25,149,87,58.3893
"City Hotel",2015-07-26,6,4,66.6667
"City Hotel",2015-07-27,108,82,75.9259
"City Hotel",2015-07-28,10,2,20.0000
"City Hotel",2015-07-29,13,3,23.0769
"City Hotel",2015-07-30,51,46,90.1961
"City Hotel",2015-07-31,9,3,33.3333
"City Hotel",2015-08-01,35,19,54.2857
"City Hotel",2015-08-02,6,0,0.0000
"City Hotel",2015-08-03,120,98,81.6667
"City Hotel",2015-08-04,12,3,25.0000
"City Hotel",2015-08-05,125,56,44.8000
"City Hotel",2015-08-06,53,23,43.3962
"City Hotel",2015-08-07,92,45,48.9130
"City Hotel",2015-08-08,153,80,52.2876
"City Hotel",2015-08-09,30,2,6.6667
"City Hotel",2015-08-10,138,66,47.8261
"City Hotel",2015-08-11,67,6,8.9552
"City Hotel",2015-08-12,105,39,37.1429
"City Hotel",2015-08-13,69,44,63.7681
"City Hotel",2015-08-14,289,201,69.5502
"City Hotel",2015-08-15,124,69,55.6452
"City Hotel",2015-08-16,29,5,17.2414
"City Hotel",2015-08-17,131,68,51.9084
"City Hotel",2015-08-18,64,19,29.6875
"City Hotel",2015-08-19,39,1,2.5641
"City Hotel",2015-08-20,76,46,60.5263
"City Hotel",2015-08-21,41,7,17.0732
"City Hotel",2015-08-22,82,45,54.8780
"City Hotel",2015-08-23,27,2,7.4074
"City Hotel",2015-08-24,104,55,52.8846
"City Hotel",2015-08-25,93,47,50.5376
"City Hotel",2015-08-26,93,42,45.1613
"City Hotel",2015-08-27,59,45,76.2712
"City Hotel",2015-08-28,28,9,32.1429
"City Hotel",2015-08-29,56,12,21.4286
"City Hotel",2015-08-30,56,45,80.3571
"City Hotel",2015-08-31,80,29,36.2500
"City Hotel",2015-09-01,40,2,5.0000
"City Hotel",2015-09-02,45,5,11.1111
"City Hotel",2015-09-03,85,41,48.2353
"City Hotel",2015-09-04,140,25,17.8571
"City Hotel",2015-09-05,189,119,62.9630
"City Hotel",2015-09-06,94,11,11.7021
"City Hotel",2015-09-07,84,30,35.7143
"City Hotel",2015-09-08,77,26,33.7662
"City Hotel",2015-09-09,167,56,33.5329
"City Hotel",2015-09-10,93,63,67.7419
"City Hotel",2015-09-11,179,77,43.0168
"City Hotel",2015-09-12,122,68,55.7377
"City Hotel",2015-09-13,32,4,12.5000
"City Hotel",2015-09-14,101,30,29.7030
"City Hotel",2015-09-15,67,5,7.4627
"City Hotel",2015-09-16,113,43,38.0531
"City Hotel",2015-09-17,179,97,54.1899
"City Hotel",2015-09-18,311,197,63.3441
"City Hotel",2015-09-19,120,53,44.1667
"City Hotel",2015-09-20,102,36,35.2941
"City Hotel",2015-09-21,161,68,42.2360
"City Hotel",2015-09-22,82,9,10.9756
"City Hotel",2015-09-23,117,38,32.4786
"City Hotel",2015-09-24,166,101,60.8434
"City Hotel",2015-09-25,212,90,42.4528
"City Hotel",2015-09-26,122,72,59.0164
"City Hotel",2015-09-27,38,13,34.2105
"City Hotel",2015-09-28,62,32,51.6129
"City Hotel",2015-09-29,76,40,52.6316
"City Hotel",2015-09-30,153,92,60.1307
"City Hotel",2015-10-01,78,30,38.4615
"City Hotel",2015-10-02,172,17,9.8837
"City Hotel",2015-10-03,125,100,80.0000
"City Hotel",2015-10-04,110,27,24.5455
"City Hotel",2015-10-05,169,91,53.8462
"City Hotel",2015-10-06,126,57,45.2381
"City Hotel",2015-10-07,157,53,33.7580
"City Hotel",2015-10-08,93,50,53.7634
"City Hotel",2015-10-09,116,20,17.2414
"City Hotel",2015-10-10,173,93,53.7572
"City Hotel",2015-10-11,59,28,47.4576
"City Hotel",2015-10-12,132,42,31.8182
"City Hotel",2015-10-13,63,7,11.1111
"City Hotel",2015-10-14,32,3,9.3750
"City Hotel",2015-10-15,162,66,40.7407
"City Hotel",2015-10-16,340,221,65.0000
"City Hotel",2015-10-17,121,67,55.3719
"City Hotel",2015-10-18,65,11,16.9231
"City Hotel",2015-10-19,158,55,34.8101
"City Hotel",2015-10-20,79,11,13.9241
"City Hotel",2015-10-21,61,12,19.6721
"City Hotel",2015-10-22,43,7,16.2791
"City Hotel",2015-10-23,55,6,10.9091
"City Hotel",2015-10-24,82,48,58.5366
"City Hotel",2015-10-25,132,12,9.0909
"City Hotel",2015-10-26,65,28,43.0769
"City Hotel",2015-10-27,21,0,0.0000
"City Hotel",2015-10-28,119,8,6.7227
"City Hotel",2015-10-29,100,52,52.0000
"City Hotel",2015-10-30,68,38,55.8824
"City Hotel",2015-10-31,110,61,55.4545
"City Hotel",2015-11-01,28,1,3.5714
"City Hotel",2015-11-02,37,15,40.5405
"City Hotel",2015-11-03,20,2,10.0000
"City Hotel",2015-11-04,51,21,41.1765
"City Hotel",2015-11-05,40,5,12.5000
"City Hotel",2015-11-06,64,10,15.6250
"City Hotel",2015-11-07,37,13,35.1351
"City Hotel",2015-11-08,22,4,18.1818
"City Hotel",2015-11-09,55,33,60.0000
"City Hotel",2015-11-10,27,6,22.2222
"City Hotel",2015-11-11,30,2,6.6667
"City Hotel",2015-11-12,20,4,20.0000
"City Hotel",2015-11-13,44,29,65.9091
"City Hotel",2015-11-14,28,3,10.7143
"City Hotel",2015-11-15,13,1,7.6923
"City Hotel",2015-11-16,17,1,5.8824
"City Hotel",2015-11-17,44,6,13.6364
"City Hotel",2015-11-18,104,8,7.6923
"City Hotel",2015-11-19,27,7,25.9259
"City Hotel",2015-11-20,102,17,16.6667
"City Hotel",2015-11-21,14,1,7.1429
"City Hotel",2015-11-22,25,2,8.0000
"City Hotel",2015-11-23,180,66,36.6667
"City Hotel",2015-11-24,32,4,12.5000
"City Hotel",2015-11-25,18,5,27.7778
"City Hotel",2015-11-26,28,6,21.4286
"City Hotel",2015-11-27,77,11,14.2857
"City Hotel",2015-11-28,20,9,45.0000
"City Hotel",2015-11-29,15,4,26.6667
"City Hotel",2015-11-30,16,5,31.2500
"City Hotel",2015-12-01,27,11,40.7407
"City Hotel",2015-12-02,23,5,21.7391
"City Hotel",2015-12-03,43,19,44.1860
"City Hotel",2015-12-04,91,38,41.7582
"City Hotel",2015-12-05,226,87,38.4956
"City Hotel",2015-12-06,26,4,15.3846
"City Hotel",2015-12-07,6,0,0.0000
"City Hotel",2015-12-08,177,165,93.2203
"City Hotel",2015-12-09,119,84,70.5882
"City Hotel",2015-12-10,59,3,5.0847
"City Hotel",2015-12-11,34,5,14.7059
"City Hotel",2015-12-12,13,2,15.3846
"City Hotel",2015-12-13,9,3,33.3333
"City Hotel",2015-12-14,14,2,14.2857
"City Hotel",2015-12-15,12,2,16.6667
"City Hotel",2015-12-16,21,2,9.5238
"City Hotel",2015-12-17,24,2,8.3333
"City Hotel",2015-12-18,32,4,12.5000
"City Hotel",2015-12-19,31,6,19.3548
"City Hotel",2015-12-20,14,1,7.1429
"City Hotel",2015-12-21,15,1,6.6667
"City Hotel",2015-12-22,11,2,18.1818
"City Hotel",2015-12-23,22,2,9.0909
"City Hotel",2015-12-24,44,15,34.0909
"City Hotel",2015-12-25,28,6,21.4286
"City Hotel",2015-12-26,70,16,22.8571
"City Hotel",2015-12-27,84,34,40.4762
"City Hotel",2015-12-28,56,16,28.5714
"City Hotel",2015-12-29,129,52,40.3101
"City Hotel",2015-12-30,117,55,47.0085
"City Hotel",2015-12-31,77,24,31.1688
"City Hotel",2016-01-01,29,6,20.6897
"City Hotel",2016-01-02,113,34,30.0885
"City Hotel",2016-01-03,36,16,44.4444
"City Hotel",2016-01-04,33,0,0.0000
"City Hotel",2016-01-05,22,3,13.6364
"City Hotel",2016-01-06,30,3,10.0000
"City Hotel",2016-01-07,25,4,16.0000
"City Hotel",2016-01-08,33,4,12.1212
"City Hotel",2016-01-09,20,5,25.0000
"City Hotel",2016-01-10,26,5,19.2308
"City Hotel",2016-01-11,9,1,11.1111
"City Hotel",2016-01-12,30,10,33.3333
"City Hotel",2016-01-13,18,4,22.2222
"City Hotel",2016-01-14,64,18,28.1250
"City Hotel",2016-01-15,50,15,30.0000
"City Hotel",2016-01-16,38,12,31.5789
"City Hotel",2016-01-17,25,4,16.0000
"City Hotel",2016-01-18,28,9,32.1429
"City Hotel",2016-01-19,117,37,31.6239
"City Hotel",2016-01-20,34,8,23.5294
"City Hotel",2016-01-21,35,3,8.5714
"City Hotel",2016-01-22,108,81,75.0000
"City Hotel",2016-01-23,33,6,18.1818
"City Hotel",2016-01-24,29,5,17.2414
"City Hotel",2016-01-25,61,13,21.3115
"City Hotel",2016-01-26,28,8,28.5714
"City Hotel",2016-01-27,133,83,62.4060
"City Hotel",2016-01-28,44,14,31.8182
"City Hotel",2016-01-29,56,16,28.5714
"City Hotel",2016-01-30,37,9,24.3243
"City Hotel",2016-01-31,20,2,10.0000
"City Hotel",2016-02-01,29,7,24.1379
"City Hotel",2016-02-02,30,15,50.0000
"City Hotel",2016-02-03,50,8,16.0000
"City Hotel",2016-02-04,51,13,25.4902
"City Hotel",2016-02-05,73,21,28.7671
"City Hotel",2016-02-06,111,23,20.7207
"City Hotel",2016-02-07,63,11,17.4603
"City Hotel",2016-02-08,56,6,10.7143
"City Hotel",2016-02-09,33,11,33.3333
"City Hotel",2016-02-10,48,12,25.0000
"City Hotel",2016-02-11,59,13,22.0339
"City Hotel",2016-02-12,118,40,33.8983
"City Hotel",2016-02-13,109,24,22.0183
"City Hotel",2016-02-14,63,19,30.1587
"City Hotel",2016-02-15,51,9,17.6471
"City Hotel",2016-02-16,41,8,19.5122
"City Hotel",2016-02-17,240,209,87.0833
"City Hotel",2016-02-18,54,11,20.3704
"City Hotel",2016-02-19,220,86,39.0909
"City Hotel",2016-02-20,65,13,20.0000
"City Hotel",2016-02-21,90,51,56.6667
"City Hotel",2016-02-22,64,13,20.3125
"City Hotel",2016-02-23,40,8,20.0000
"City Hotel",2016-02-24,73,32,43.8356
"City Hotel",2016-02-25,103,56,54.3689
"City Hotel",2016-02-26,91,29,31.8681
"City Hotel",2016-02-27,108,24,22.2222
"City Hotel",2016-02-28,169,122,72.1893
"City Hotel",2016-02-29,69,36,52.1739
"City Hotel",2016-03-01,69,14,20.2899
"City Hotel",2016-03-02,102,21,20.5882
"City Hotel",2016-03-03,87,25,28.7356
"City Hotel",2016-03-04,133,57,42.8571
"City Hotel",2016-03-05,78,19,24.3590
"City Hotel",2016-03-06,49,9,18.3673
"City Hotel",2016-03-07,84,20,23.8095
"City Hotel",2016-03-08,74,16,21.6216
"City Hotel",2016-03-09,75,16,21.3333
"City Hotel",2016-03-10,78,20,25.6410
"City Hotel",2016-03-11,120,33,27.5000
"City Hotel",2016-03-12,69,20,28.9855
"City Hotel",2016-03-13,77,14,18.1818
"City Hotel",2016-03-14,63,7,11.1111
"City Hotel",2016-03-15,60,15,25.0000
"City Hotel",2016-03-16,69,15,21.7391
"City Hotel",2016-03-17,117,47,40.1709
"City Hotel",2016-03-18,148,77,52.0270
"City Hotel",2016-03-19,122,58,47.5410
"City Hotel",2016-03-20,196,97,49.4898
"City Hotel",2016-03-21,118,46,38.9831
"City Hotel",2016-03-22,104,59,56.7308
"City Hotel",2016-03-23,87,29,33.3333
"City Hotel",2016-03-24,125,44,35.2000
"City Hotel",2016-03-25,182,115,63.1868
"City Hotel",2016-03-26,84,43,51.1905
"City Hotel",2016-03-27,58,14,24.1379
"City Hotel",2016-03-28,99,19,19.1919
"City Hotel",2016-03-29,74,16,21.6216
"City Hotel",2016-03-30,109,61,55.9633
"City Hotel",2016-03-31,136,62,45.5882
"City Hotel",2016-04-01,81,25,30.8642
"City Hotel",2016-04-02,77,29,37.6623
"City Hotel",2016-04-03,72,28,38.8889
"City Hotel",2016-04-04,111,41,36.9369
"City Hotel",2016-04-05,73,26,35.6164
"City Hotel",2016-04-06,189,86,45.5026
"City Hotel",2016-04-07,108,56,51.8519
"City Hotel",2016-04-08,136,48,35.2941
"City Hotel",2016-04-09,151,56,37.0861
"City Hotel",2016-04-10,78,35,44.8718
"City Hotel",2016-04-11,109,28,25.6881
"City Hotel",2016-04-12,96,36,37.5000
"City Hotel",2016-04-13,139,63,45.3237
"City Hotel",2016-04-14,166,121,72.8916
"City Hotel",2016-04-15,128,46,35.9375
"City Hotel",2016-04-16,93,28,30.1075
"City Hotel",2016-04-17,127,53,41.7323
"City Hotel",2016-04-18,96,23,23.9583
"City Hotel",2016-04-19,96,61,63.5417
"City Hotel",2016-04-20,180,71,39.4444
"City Hotel",2016-04-21,116,49,42.2414
"City Hotel",2016-04-22,172,106,61.6279
"City Hotel",2016-04-23,105,31,29.5238
"City Hotel",2016-04-24,109,55,50.4587
"City Hotel",2016-04-25,87,22,25.2874
"City Hotel",2016-04-26,100,20,20.0000
"City Hotel",2016-04-27,115,62,53.9130
"City Hotel",2016-04-28,217,138,63.5945
"City Hotel",2016-04-29,149,62,41.6107
"City Hotel",2016-04-30,85,34,40.0000
"City Hotel",2016-05-01,58,22,37.9310
"City Hotel",2016-05-02,156,53,33.9744
"City Hotel",2016-05-03,60,13,21.6667
"City Hotel",2016-05-04,93,29,31.1828
"City Hotel",2016-05-05,215,115,53.4884
"City Hotel",2016-05-06,83,21,25.3012
"City Hotel",2016-05-07,89,40,44.9438
"City Hotel",2016-05-08,88,34,38.6364
"City Hotel",2016-05-09,123,29,23.5772
"City Hotel",2016-05-10,103,35,33.9806
"City Hotel",2016-05-11,94,24,25.5319
"City Hotel",2016-05-12,121,60,49.5868
"City Hotel",2016-05-13,206,124,60.1942
"City Hotel",2016-05-14,76,24,31.5789
"City Hotel",2016-05-15,99,21,21.2121
"City Hotel",2016-05-16,115,45,39.1304
"City Hotel",2016-05-17,166,53,31.9277
"City Hotel",2016-05-18,70,22,31.4286
"City Hotel",2016-05-19,191,84,43.9791
"City Hotel",2016-05-20,195,104,53.3333
"City Hotel",2016-05-21,144,53,36.8056
"City Hotel",2016-05-22,89,22,24.7191
"City Hotel",2016-05-23,96,25,26.0417
"City Hotel",2016-05-24,172,118,68.6047
"City Hotel",2016-05-25,60,9,15.0000
"City Hotel",2016-05-26,209,56,26.7943
"City Hotel",2016-05-27,56,20,35.7143
"City Hotel",2016-05-28,48,19,39.5833
"City Hotel",2016-05-29,148,45,30.4054
"City Hotel",2016-05-30,113,41,36.2832
"City Hotel",2016-05-31,140,76,54.2857
"City Hotel",2016-06-01,65,22,33.8462
"City Hotel",2016-06-02,210,119,56.6667
"City Hotel",2016-06-03,139,53,38.1295
"City Hotel",2016-06-04,108,42,38.8889
"City Hotel",2016-06-05,65,30,46.1538
"City Hotel",2016-06-06,181,19,10.4972
"City Hotel",2016-06-07,111,68,61.2613
"City Hotel",2016-06-08,173,109,63.0058
"City Hotel",2016-06-09,184,105,57.0652
"City Hotel",2016-06-10,154,48,31.1688
"City Hotel",2016-06-11,49,8,16.3265
"City Hotel",2016-06-12,145,92,63.4483
"City Hotel",2016-06-13,72,12,16.6667
"City Hotel",2016-06-14,200,133,66.5000
"City Hotel",2016-06-15,249,148,59.4378
"City Hotel",2016-06-16,112,50,44.6429
"City Hotel",2016-06-17,270,164,60.7407
"City Hotel",2016-06-18,77,27,35.0649
"City Hotel",2016-06-19,89,22,24.7191
"City Hotel",2016-06-20,154,67,43.5065
"City Hotel",2016-06-21,73,19,26.0274
"City Hotel",2016-06-22,63,11,17.4603
"City Hotel",2016-06-23,92,55,59.7826
"City Hotel",2016-06-24,252,48,19.0476
"City Hotel",2016-06-25,16,12,75.0000
"City Hotel",2016-06-26,175,49,28.0000
"City Hotel",2016-06-27,140,64,45.7143
"City Hotel",2016-06-28,98,32,32.6531
"City Hotel",2016-06-29,74,21,28.3784
"City Hotel",2016-06-30,133,71,53.3835
"City Hotel",2016-07-01,141,68,48.2270
"City Hotel",2016-07-02,80,33,41.2500
"City Hotel",2016-07-03,85,21,24.7059
"City Hotel",2016-07-04,92,30,32.6087
"City Hotel",2016-07-05,74,14,18.9189
"City Hotel",2016-07-06,159,82,51.5723
"City Hotel",2016-07-07,135,77,57.0370
"City Hotel",2016-07-08,101,32,31.6832
"City Hotel",2016-07-09,91,27,29.6703
"City Hotel",2016-07-10,76,12,15.7895
"City Hotel",2016-07-11,128,48,37.5000
"City Hotel",2016-07-12,81,17,20.9877
"City Hotel",2016-07-13,90,17,18.8889
"City Hotel",2016-07-14,114,57,50.0000
"City Hotel",2016-07-15,81,26,32.0988
"City Hotel",2016-07-16,104,33,31.7308
"City Hotel",2016-07-17,75,19,25.3333
"City Hotel",2016-07-18,113,32,28.3186
"City Hotel",2016-07-19,65,18,27.6923
"City Hotel",2016-07-20,109,46,42.2018
"City Hotel",2016-07-21,163,47,28.8344
"City Hotel",2016-07-22,81,25,30.8642
"City Hotel",2016-07-23,132,33,25.0000
"City Hotel",2016-07-24,81,23,28.3951
"City Hotel",2016-07-25,108,34,31.4815
"City Hotel",2016-07-26,80,21,26.2500
"City Hotel",2016-07-27,108,50,46.2963
"City Hotel",2016-07-28,114,47,41.2281
"City Hotel",2016-07-29,65,9,13.8462
"City Hotel",2016-07-30,142,27,19.0141
"City Hotel",2016-07-31,63,18,28.5714
"City Hotel",2016-08-01,125,42,33.6000
"City Hotel",2016-08-02,87,24,27.5862
"City Hotel",2016-08-03,108,31,28.7037
"City Hotel",2016-08-04,124,57,45.9677
"City Hotel",2016-08-05,107,46,42.9907
"City Hotel",2016-08-06,107,39,36.4486
"City Hotel",2016-08-07,83,24,28.9157
"City Hotel",2016-08-08,134,46,34.3284
"City Hotel",2016-08-09,90,26,28.8889
"City Hotel",2016-08-10,90,44,48.8889
"City Hotel",2016-08-11,137,76,55.4745
"City Hotel",2016-08-12,110,31,28.1818
"City Hotel",2016-08-13,135,62,45.9259
"City Hotel",2016-08-14,92,26,28.2609
"City Hotel",2016-08-15,101,37,36.6337
"City Hotel",2016-08-16,97,29,29.8969
"City Hotel",2016-08-17,101,37,36.6337
"City Hotel",2016-08-18,168,66,39.2857
"City Hotel",2016-08-19,126,64,50.7937
"City Hotel",2016-08-20,131,36,27.4809
"City Hotel",2016-08-21,114,32,28.0702
"City Hotel",2016-08-22,115,45,39.1304
"City Hotel",2016-08-23,78,29,37.1795
"City Hotel",2016-08-24,113,43,38.0531
"City Hotel",2016-08-25,122,48,39.3443
"City Hotel",2016-08-26,107,39,36.4486
"City Hotel",2016-08-27,77,40,51.9481
"City Hotel",2016-08-28,117,35,29.9145
"City Hotel",2016-08-29,102,34,33.3333
"City Hotel",2016-08-30,89,32,35.9551
"City Hotel",2016-08-31,91,27,29.6703
"City Hotel",2016-09-01,126,57,45.2381
"City Hotel",2016-09-02,118,47,39.8305
"City Hotel",2016-09-03,133,61,45.8647
"City Hotel",2016-09-04,92,38,41.3043
"City Hotel",2016-09-05,130,40,30.7692
"City Hotel",2016-09-06,75,18,24.0000
"City Hotel",2016-09-07,64,18,28.1250
"City Hotel",2016-09-08,180,103,57.2222
"City Hotel",2016-09-09,172,115,66.8605
"City Hotel",2016-09-10,67,16,23.8806
"City Hotel",2016-09-11,114,25,21.9298
"City Hotel",2016-09-12,121,37,30.5785
"City Hotel",2016-09-13,131,13,9.9237
"City Hotel",2016-09-14,87,31,35.6322
"City Hotel",2016-09-15,229,134,58.5153
"City Hotel",2016-09-16,188,90,47.8723
"City Hotel",2016-09-17,94,27,28.7234
"City Hotel",2016-09-18,103,33,32.0388
"City Hotel",2016-09-19,154,62,40.2597
"City Hotel",2016-09-20,143,74,51.7483
"City Hotel",2016-09-21,131,16,12.2137
"City Hotel",2016-09-22,162,67,41.3580
"City Hotel",2016-09-23,96,22,22.9167
"City Hotel",2016-09-24,82,47,57.3171
"City Hotel",2016-09-25,115,24,20.8696
"City Hotel",2016-09-26,208,108,51.9231
"City Hotel",2016-09-27,87,23,26.4368
"City Hotel",2016-09-28,103,26,25.2427
"City Hotel",2016-09-29,138,74,53.6232
"City Hotel",2016-09-30,228,121,53.0702
"City Hotel",2016-10-01,139,96,69.0647
"City Hotel",2016-10-02,111,35,31.5315
"City Hotel",2016-10-03,149,55,36.9128
"City Hotel",2016-10-04,115,52,45.2174
"City Hotel",2016-10-05,140,71,50.7143
"City Hotel",2016-10-06,164,83,50.6098
"City Hotel",2016-10-07,160,63,39.3750
"City Hotel",2016-10-08,59,20,33.8983
"City Hotel",2016-10-09,99,35,35.3535
"City Hotel",2016-10-10,172,65,37.7907
"City Hotel",2016-10-11,110,45,40.9091
"City Hotel",2016-10-12,156,101,64.7436
"City Hotel",2016-10-13,322,198,61.4907
"City Hotel",2016-10-14,170,46,27.0588
"City Hotel",2016-10-15,94,50,53.1915
"City Hotel",2016-10-16,189,103,54.4974
"City Hotel",2016-10-17,153,83,54.2484
"City Hotel",2016-10-18,60,20,33.3333
"City Hotel",2016-10-19,72,26,36.1111
"City Hotel",2016-10-20,144,78,54.1667
"City Hotel",2016-10-21,192,120,62.5000
"City Hotel",2016-10-22,82,43,52.4390
"City Hotel",2016-10-23,133,15,11.2782
"City Hotel",2016-10-24,70,16,22.8571
"City Hotel",2016-10-25,108,19,17.5926
"City Hotel",2016-10-26,92,32,34.7826
"City Hotel",2016-10-27,121,64,52.8926
"City Hotel",2016-10-28,264,161,60.9848
"City Hotel",2016-10-29,143,61,42.6573
"City Hotel",2016-10-30,151,72,47.6821
"City Hotel",2016-10-31,85,19,22.3529
"City Hotel",2016-11-01,159,107,67.2956
"City Hotel",2016-11-02,98,20,20.4082
"City Hotel",2016-11-03,167,118,70.6587
"City Hotel",2016-11-04,182,121,66.4835
"City Hotel",2016-11-05,132,81,61.3636
"City Hotel",2016-11-06,89,22,24.7191
"City Hotel",2016-11-07,320,227,70.9375
"City Hotel",2016-11-08,38,5,13.1579
"City Hotel",2016-11-09,39,11,28.2051
"City Hotel",2016-11-10,94,30,31.9149
"City Hotel",2016-11-11,166,54,32.5301
"City Hotel",2016-11-12,88,35,39.7727
"City Hotel",2016-11-13,95,27,28.4211
"City Hotel",2016-11-14,88,17,19.3182
"City Hotel",2016-11-15,48,13,27.0833
"City Hotel",2016-11-16,98,32,32.6531
"City Hotel",2016-11-17,99,47,47.4747
"City Hotel",2016-11-18,141,64,45.3901
"City Hotel",2016-11-19,87,33,37.9310
"City Hotel",2016-11-20,71,33,46.4789
"City Hotel",2016-11-21,144,24,16.6667
"City Hotel",2016-11-22,54,17,31.4815
"City Hotel",2016-11-23,75,17,22.6667
"City Hotel",2016-11-24,84,32,38.0952
"City Hotel",2016-11-25,146,58,39.7260
"City Hotel",2016-11-26,57,14,24.5614
"City Hotel",2016-11-27,64,29,45.3125
"City Hotel",2016-11-28,83,30,36.1446
"City Hotel",2016-11-29,68,29,42.6471
"City Hotel",2016-11-30,48,13,27.0833
"City Hotel",2016-12-01,130,91,70.0000
"City Hotel",2016-12-02,143,75,52.4476
"City Hotel",2016-12-03,89,28,31.4607
"City Hotel",2016-12-04,69,30,43.4783
"City Hotel",2016-12-05,83,20,24.0964
"City Hotel",2016-12-06,68,34,50.0000
"City Hotel",2016-12-07,90,40,44.4444
"City Hotel",2016-12-08,160,66,41.2500
"City Hotel",2016-12-09,93,44,47.3118
"City Hotel",2016-12-10,59,19,32.2034
"City Hotel",2016-12-11,23,5,21.7391
"City Hotel",2016-12-12,44,19,43.1818
"City Hotel",2016-12-13,45,10,22.2222
"City Hotel",2016-12-14,40,10,25.0000
"City Hotel",2016-12-15,59,39,66.1017
"City Hotel",2016-12-16,98,55,56.1224
"City Hotel",2016-12-17,51,14,27.4510
"City Hotel",2016-12-18,47,7,14.8936
"City Hotel",2016-12-19,57,20,35.0877
"City Hotel",2016-12-20,42,11,26.1905
"City Hotel",2016-12-21,58,18,31.0345
"City Hotel",2016-12-22,72,41,56.9444
"City Hotel",2016-12-23,63,29,46.0317
"City Hotel",2016-12-24,60,22,36.6667
"City Hotel",2016-12-25,51,16,31.3725
"City Hotel",2016-12-26,114,72,63.1579
"City Hotel",2016-12-27,176,54,30.6818
"City Hotel",2016-12-28,115,56,48.6957
"City Hotel",2016-12-29,130,62,47.6923
"City Hotel",2016-12-30,104,46,44.2308
"City Hotel",2016-12-31,45,19,42.2222
"City Hotel",2017-01-01,103,39,37.8641
"City Hotel",2017-01-02,124,48,38.7097
"City Hotel",2017-01-03,95,36,37.8947
"City Hotel",2017-01-04,61,24,39.3443
"City Hotel",2017-01-05,65,34,52.3077
"City Hotel",2017-01-06,69,34,49.2754
"City Hotel",2017-01-07,45,9,20.0000
"City Hotel",2017-01-08,81,45,55.5556
"City Hotel",2017-01-09,45,10,22.2222
"City Hotel",2017-01-10,64,13,20.3125
"City Hotel",2017-01-11,37,7,18.9189
"City Hotel",2017-01-12,96,42,43.7500
"City Hotel",2017-01-13,70,30,42.8571
"City Hotel",2017-01-14,169,131,77.5148
"City Hotel",2017-01-15,49,18,36.7347
"City Hotel",2017-01-16,61,21,34.4262
"City Hotel",2017-01-17,31,5,16.1290
"City Hotel",2017-01-18,190,83,43.6842
"City Hotel",2017-01-19,71,28,39.4366
"City Hotel",2017-01-20,60,23,38.3333
"City Hotel",2017-01-21,69,35,50.7246
"City Hotel",2017-01-22,65,16,24.6154
"City Hotel",2017-01-23,140,98,70.0000
"City Hotel",2017-01-24,52,18,34.6154
"City Hotel",2017-01-25,150,97,64.6667
"City Hotel",2017-01-26,60,28,46.6667
"City Hotel",2017-01-27,71,21,29.5775
"City Hotel",2017-01-28,50,15,30.0000
"City Hotel",2017-01-29,36,11,30.5556
"City Hotel",2017-01-30,53,18,33.9623
"City Hotel",2017-01-31,40,7,17.5000
"City Hotel",2017-02-01,118,91,77.1186
"City Hotel",2017-02-02,101,34,33.6634
"City Hotel",2017-02-03,77,30,38.9610
"City Hotel",2017-02-04,73,20,27.3973
"City Hotel",2017-02-05,75,15,20.0000
"City Hotel",2017-02-06,43,14,32.5581
"City Hotel",2017-02-07,47,11,23.4043
"City Hotel",2017-02-08,31,3,9.6774
"City Hotel",2017-02-09,102,43,42.1569
"City Hotel",2017-02-10,99,38,38.3838
"City Hotel",2017-02-11,65,24,36.9231
"City Hotel",2017-02-12,163,90,55.2147
"City Hotel",2017-02-13,109,33,30.2752
"City Hotel",2017-02-14,94,41,43.6170
"City Hotel",2017-02-15,117,22,18.8034
"City Hotel",2017-02-16,77,36,46.7532
"City Hotel",2017-02-17,113,61,53.9823
"City Hotel",2017-02-18,46,12,26.0870
"City Hotel",2017-02-19,89,17,19.1011
"City Hotel",2017-02-20,116,53,45.6897
"City Hotel",2017-02-21,57,16,28.0702
"City Hotel",2017-02-22,98,14,14.2857
"City Hotel",2017-02-23,101,51,50.4950
"City Hotel",2017-02-24,95,32,33.6842
"City Hotel",2017-02-25,207,94,45.4106
"City Hotel",2017-02-26,139,41,29.4964
"City Hotel",2017-02-27,100,26,26.0000
"City Hotel",2017-02-28,42,9,21.4286
"City Hotel",2017-03-01,71,15,21.1268
"City Hotel",2017-03-02,230,155,67.3913
"City Hotel",2017-03-03,111,34,30.6306
"City Hotel",2017-03-04,60,21,35.0000
"City Hotel",2017-03-05,101,25,24.7525
"City Hotel",2017-03-06,125,27,21.6000
"City Hotel",2017-03-07,82,26,31.7073
"City Hotel",2017-03-08,70,21,30.0000
"City Hotel",2017-03-09,105,50,47.6190
"City Hotel",2017-03-10,134,37,27.6119
"City Hotel",2017-03-11,98,43,43.8776
"City Hotel",2017-03-12,75,27,36.0000
"City Hotel",2017-03-13,158,73,46.2025
"City Hotel",2017-03-14,102,33,32.3529
"City Hotel",2017-03-15,174,103,59.1954
"City Hotel",2017-03-16,138,54,39.1304
"City Hotel",2017-03-17,123,44,35.7724
"City Hotel",2017-03-18,72,19,26.3889
"City Hotel",2017-03-19,92,17,18.4783
"City Hotel",2017-03-20,124,28,22.5806
"City Hotel",2017-03-21,126,82,65.0794
"City Hotel",2017-03-22,73,25,34.2466
"City Hotel",2017-03-23,118,54,45.7627
"City Hotel",2017-03-24,148,36,24.3243
"City Hotel",2017-03-25,90,41,45.5556
"City Hotel",2017-03-26,98,25,25.5102
"City Hotel",2017-03-27,108,19,17.5926
"City Hotel",2017-03-28,45,11,24.4444
"City Hotel",2017-03-29,95,16,16.8421
"City Hotel",2017-03-30,119,46,38.6555
"City Hotel",2017-03-31,147,71,48.2993
"City Hotel",2017-04-01,97,38,39.1753
"City Hotel",2017-04-02,67,13,19.4030
"City Hotel",2017-04-03,167,65,38.9222
"City Hotel",2017-04-04,97,59,60.8247
"City Hotel",2017-04-05,161,79,49.0683
"City Hotel",2017-04-06,190,123,64.7368
"City Hotel",2017-04-07,98,38,38.7755
"City Hotel",2017-04-08,111,55,49.5495
"City Hotel",2017-04-09,175,91,52.0000
"City Hotel",2017-04-10,128,47,36.7188
"City Hotel",2017-04-11,82,23,28.0488
"City Hotel",2017-04-12,88,35,39.7727
"City Hotel",2017-04-13,146,75,51.3699
"City Hotel",2017-04-14,142,65,45.7746
"City Hotel",2017-04-15,182,111,60.9890
"City Hotel",2017-04-16,107,55,51.4019
"City Hotel",2017-04-17,109,38,34.8624
"City Hotel",2017-04-18,83,36,43.3735
"City Hotel",2017-04-19,107,29,27.1028
"City Hotel",2017-04-20,117,51,43.5897
"City Hotel",2017-04-21,191,115,60.2094
"City Hotel",2017-04-22,127,93,73.2283
"City Hotel",2017-04-23,116,51,43.9655
"City Hotel",2017-04-24,111,30,27.0270
"City Hotel",2017-04-25,64,23,35.9375
"City Hotel",2017-04-26,246,191,77.6423
"City Hotel",2017-04-27,150,80,53.3333
"City Hotel",2017-04-28,206,85,41.2621
"City Hotel",2017-04-29,180,108,60.0000
"City Hotel",2017-04-30,74,24,32.4324
"City Hotel",2017-05-01,156,75,48.0769
"City Hotel",2017-05-02,121,30,24.7934
"City Hotel",2017-05-03,138,90,65.2174
"City Hotel",2017-05-04,182,116,63.7363
"City Hotel",2017-05-05,194,94,48.4536
"City Hotel",2017-05-06,187,103,55.0802
"City Hotel",2017-05-07,90,38,42.2222
"City Hotel",2017-05-08,138,71,51.4493
"City Hotel",2017-05-09,141,50,35.4610
"City Hotel",2017-05-10,127,57,44.8819
"City Hotel",2017-05-11,159,64,40.2516
"City Hotel",2017-05-12,109,47,43.1193
"City Hotel",2017-05-13,122,58,47.5410
"City Hotel",2017-05-14,118,21,17.7966
"City Hotel",2017-05-15,257,190,73.9300
"City Hotel",2017-05-16,91,41,45.0549
"City Hotel",2017-05-17,112,32,28.5714
"City Hotel",2017-05-18,130,50,38.4615
"City Hotel",2017-05-19,291,214,73.5395
"City Hotel",2017-05-20,206,118,57.2816
"City Hotel",2017-05-21,104,36,34.6154
"City Hotel",2017-05-22,147,62,42.1769
"City Hotel",2017-05-23,103,33,32.0388
"City Hotel",2017-05-24,213,101,47.4178
"City Hotel",2017-05-25,164,74,45.1220
"City Hotel",2017-05-26,144,65,45.1389
"City Hotel",2017-05-27,93,36,38.7097
"City Hotel",2017-05-28,128,59,46.0938
"City Hotel",2017-05-29,95,23,24.2105
"City Hotel",2017-05-30,185,125,67.5676
"City Hotel",2017-05-31,111,44,39.6396
"City Hotel",2017-06-01,151,79,52.3179
"City Hotel",2017-06-02,170,80,47.0588
"City Hotel",2017-06-03,127,53,41.7323
"City Hotel",2017-06-04,99,38,38.3838
"City Hotel",2017-06-05,132,40,30.3030
"City Hotel",2017-06-06,100,35,35.0000
"City Hotel",2017-06-07,109,52,47.7064
"City Hotel",2017-06-08,270,189,70.0000
"City Hotel",2017-06-09,167,77,46.1078
"City Hotel",2017-06-10,69,25,36.2319
"City Hotel",2017-06-11,147,61,41.4966
"City Hotel",2017-06-12,134,56,41.7910
"City Hotel",2017-06-13,77,24,31.1688
"City Hotel",2017-06-14,111,44,39.6396
"City Hotel",2017-06-15,125,50,40.0000
"City Hotel",2017-06-16,129,62,48.0620
"City Hotel",2017-06-17,183,110,60.1093
"City Hotel",2017-06-18,93,32,34.4086
"City Hotel",2017-06-19,137,57,41.6058
"City Hotel",2017-06-20,129,51,39.5349
"City Hotel",2017-06-21,124,69,55.6452
"City Hotel",2017-06-22,106,37,34.9057
"City Hotel",2017-06-23,152,82,53.9474
"City Hotel",2017-06-24,93,46,49.4624
"City Hotel",2017-06-25,121,16,13.2231
"City Hotel",2017-06-26,111,57,51.3514
"City Hotel",2017-06-27,173,80,46.2428
"City Hotel",2017-06-28,190,97,51.0526
"City Hotel",2017-06-29,121,56,46.2810
"City Hotel",2017-06-30,121,53,43.8017
"City Hotel",2017-07-01,94,32,34.0426
"City Hotel",2017-07-02,91,31,34.0659
"City Hotel",2017-07-03,107,34,31.7757
"City Hotel",2017-07-04,147,32,21.7687
"City Hotel",2017-07-05,98,53,54.0816
"City Hotel",2017-07-06,155,49,31.6129
"City Hotel",2017-07-07,143,69,48.2517
"City Hotel",2017-07-08,90,30,33.3333
"City Hotel",2017-07-09,142,67,47.1831
"City Hotel",2017-07-10,122,46,37.7049
"City Hotel",2017-07-11,112,45,40.1786
"City Hotel",2017-07-12,126,50,39.6825
"City Hotel",2017-07-13,148,41,27.7027
"City Hotel",2017-07-14,71,27,38.0282
"City Hotel",2017-07-15,193,75,38.8601
"City Hotel",2017-07-16,99,29,29.2929
"City Hotel",2017-07-17,125,47,37.6000
"City Hotel",2017-07-18,97,33,34.0206
"City Hotel",2017-07-19,60,13,21.6667
"City Hotel",2017-07-20,86,29,33.7209
"City Hotel",2017-07-21,93,29,31.1828
"City Hotel",2017-07-22,140,42,30.0000
"City Hotel",2017-07-23,109,50,45.8716
"City Hotel",2017-07-24,135,42,31.1111
"City Hotel",2017-07-25,97,35,36.0825
"City Hotel",2017-07-26,120,57,47.5000
"City Hotel",2017-07-27,105,40,38.0952
"City Hotel",2017-07-28,110,60,54.5455
"City Hotel",2017-07-29,144,67,46.5278
"City Hotel",2017-07-30,81,28,34.5679
"City Hotel",2017-07-31,119,42,35.2941
"City Hotel",2017-08-01,104,49,47.1154
"City Hotel",2017-08-02,106,33,31.1321
"City Hotel",2017-08-03,123,44,35.7724
"City Hotel",2017-08-04,97,28,28.8660
"City Hotel",2017-08-05,80,29,36.2500
"City Hotel",2017-08-06,74,26,35.1351
"City Hotel",2017-08-07,118,37,31.3559
"City Hotel",2017-08-08,91,44,48.3516
"City Hotel",2017-08-09,112,41,36.6071
"City Hotel",2017-08-10,103,43,41.7476
"City Hotel",2017-08-11,78,34,43.5897
"City Hotel",2017-08-12,130,44,33.8462
"City Hotel",2017-08-13,85,32,37.6471
"City Hotel",2017-08-14,100,34,34.0000
"City Hotel",2017-08-15,108,42,38.8889
"City Hotel",2017-08-16,137,75,54.7445
"City Hotel",2017-08-17,108,44,40.7407
"City Hotel",2017-08-18,121,58,47.9339
"City Hotel",2017-08-19,122,56,45.9016
"City Hotel",2017-08-20,101,23,22.7723
"City Hotel",2017-08-21,94,31,32.9787
"City Hotel",2017-08-22,60,19,31.6667
"City Hotel",2017-08-23,86,26,30.2326
"City Hotel",2017-08-24,91,30,32.9670
"City Hotel",2017-08-25,139,34,24.4604
"City Hotel",2017-08-26,101,38,37.6238
"City Hotel",2017-08-27,107,28,26.1682
"City Hotel",2017-08-28,133,27,20.3008
"City Hotel",2017-08-29,90,30,33.3333
"City Hotel",2017-08-30,47,13,27.6596
"City Hotel",2017-08-31,79,31,39.2405
"Resort Hotel",2015-07-01,43,5,11.6279
"Resort Hotel",2015-07-02,44,9,20.4545
"Resort Hotel",2015-07-03,40,13,32.5000
"Resort Hotel",2015-07-04,50,14,28.0000
"Resort Hotel",2015-07-05,45,8,17.7778
"Resort Hotel",2015-07-06,45,5,11.1111
"Resort Hotel",2015-07-07,35,8,22.8571
"Resort Hotel",2015-07-08,29,8,27.5862
"Resort Hotel",2015-07-09,34,6,17.6471
"Resort Hotel",2015-07-10,42,2,4.7619
"Resort Hotel",2015-07-11,41,11,26.8293
"Resort Hotel",2015-07-12,45,8,17.7778
"Resort Hotel",2015-07-13,51,13,25.4902
"Resort Hotel",2015-07-14,29,5,17.2414
"Resort Hotel",2015-07-15,60,30,50.0000
"Resort Hotel",2015-07-16,52,12,23.0769
"Resort Hotel",2015-07-17,60,9,15.0000
"Resort Hotel",2015-07-18,44,10,22.7273
"Resort Hotel",2015-07-19,47,11,23.4043
"Resort Hotel",2015-07-20,66,15,22.7273
"Resort Hotel",2015-07-21,32,5,15.6250
"Resort Hotel",2015-07-22,26,7,26.9231
"Resort Hotel",2015-07-23,34,7,20.5882
"Resort Hotel",2015-07-24,57,13,22.8070
"Resort Hotel",2015-07-25,55,16,29.0909
"Resort Hotel",2015-07-26,41,11,26.8293
"Resort Hotel",2015-07-27,62,15,24.1935
"Resort Hotel",2015-07-28,24,4,16.6667
"Resort Hotel",2015-07-29,37,13,35.1351
"Resort Hotel",2015-07-30,48,12,25.0000
"Resort Hotel",2015-07-31,60,15,25.0000
"Resort Hotel",2015-08-01,75,31,41.3333
"Resort Hotel",2015-08-02,44,7,15.9091
"Resort Hotel",2015-08-03,62,11,17.7419
"Resort Hotel",2015-08-04,39,9,23.0769
"Resort Hotel",2015-08-05,27,6,22.2222
"Resort Hotel",2015-08-06,22,4,18.1818
"Resort Hotel",2015-08-07,41,11,26.8293
"Resort Hotel",2015-08-08,53,20,37.7358
"Resort Hotel",2015-08-09,55,12,21.8182
"Resort Hotel",2015-08-10,69,13,18.8406
"Resort Hotel",2015-08-11,50,22,44.0000
"Resort Hotel",2015-08-12,28,11,39.2857
"Resort Hotel",2015-08-13,37,9,24.3243
"Resort Hotel",2015-08-14,40,9,22.5000
"Resort Hotel",2015-08-15,66,20,30.3030
"Resort Hotel",2015-08-16,69,19,27.5362
"Resort Hotel",2015-08-17,57,12,21.0526
"Resort Hotel",2015-08-18,30,7,23.3333
"Resort Hotel",2015-08-19,27,7,25.9259
"Resort Hotel",2015-08-20,34,4,11.7647
"Resort Hotel",2015-08-21,34,6,17.6471
"Resort Hotel",2015-08-22,57,14,24.5614
"Resort Hotel",2015-08-23,52,15,28.8462
"Resort Hotel",2015-08-24,49,14,28.5714
"Resort Hotel",2015-08-25,33,12,36.3636
"Resort Hotel",2015-08-26,29,7,24.1379
"Resort Hotel",2015-08-27,41,16,39.0244
"Resort Hotel",2015-08-28,56,16,28.5714
"Resort Hotel",2015-08-29,53,8,15.0943
"Resort Hotel",2015-08-30,45,7,15.5556
"Resort Hotel",2015-08-31,35,7,20.0000
"Resort Hotel",2015-09-01,60,16,26.6667
"Resort Hotel",2015-09-02,83,50,60.2410
"Resort Hotel",2015-09-03,70,25,35.7143
"Resort Hotel",2015-09-04,52,17,32.6923
"Resort Hotel",2015-09-05,51,26,50.9804
"Resort Hotel",2015-09-06,58,14,24.1379
"Resort Hotel",2015-09-07,49,11,22.4490
"Resort Hotel",2015-09-08,27,8,29.6296
"Resort Hotel",2015-09-09,34,8,23.5294
"Resort Hotel",2015-09-10,46,12,26.0870
"Resort Hotel",2015-09-11,33,2,6.0606
"Resort Hotel",2015-09-12,69,21,30.4348
"Resort Hotel",2015-09-13,33,10,30.3030
"Resort Hotel",2015-09-14,48,6,12.5000
"Resort Hotel",2015-09-15,54,36,66.6667
"Resort Hotel",2015-09-16,57,8,14.0351
"Resort Hotel",2015-09-17,152,97,63.8158
"Resort Hotel",2015-09-18,29,6,20.6897
"Resort Hotel",2015-09-19,75,23,30.6667
"Resort Hotel",2015-09-20,27,6,22.2222
"Resort Hotel",2015-09-21,65,11,16.9231
"Resort Hotel",2015-09-22,19,5,26.3158
"Resort Hotel",2015-09-23,42,7,16.6667
"Resort Hotel",2015-09-24,50,19,38.0000
"Resort Hotel",2015-09-25,63,33,52.3810
"Resort Hotel",2015-09-26,76,42,55.2632
"Resort Hotel",2015-09-27,31,5,16.1290
"Resort Hotel",2015-09-28,45,11,24.4444
"Resort Hotel",2015-09-29,35,7,20.0000
"Resort Hotel",2015-09-30,52,9,17.3077
"Resort Hotel",2015-10-01,43,4,9.3023
"Resort Hotel",2015-10-02,32,4,12.5000
"Resort Hotel",2015-10-03,86,51,59.3023
"Resort Hotel",2015-10-04,75,43,57.3333
"Resort Hotel",2015-10-05,54,24,44.4444
"Resort Hotel",2015-10-06,53,12,22.6415
"Resort Hotel",2015-10-07,33,5,15.1515
"Resort Hotel",2015-10-08,71,30,42.2535
"Resort Hotel",2015-10-09,94,58,61.7021
"Resort Hotel",2015-10-10,77,26,33.7662
"Resort Hotel",2015-10-11,43,6,13.9535
"Resort Hotel",2015-10-12,76,5,6.5789
"Resort Hotel",2015-10-13,35,1,2.8571
"Resort Hotel",2015-10-14,41,1,2.4390
"Resort Hotel",2015-10-15,93,1,1.0753
"Resort Hotel",2015-10-16,16,1,6.2500
"Resort Hotel",2015-10-17,9,1,11.1111
"Resort Hotel",2015-10-18,51,7,13.7255
"Resort Hotel",2015-10-19,71,4,5.6338
"Resort Hotel",2015-10-20,30,4,13.3333
"Resort Hotel",2015-10-21,70,16,22.8571
"Resort Hotel",2015-10-22,45,5,11.1111
"Resort Hotel",2015-10-23,44,7,15.9091
"Resort Hotel",2015-10-24,78,51,65.3846
"Resort Hotel",2015-10-25,16,1,6.2500
"Resort Hotel",2015-10-26,32,8,25.0000
"Resort Hotel",2015-10-27,32,1,3.1250
"Resort Hotel",2015-10-28,22,0,0.0000
"Resort Hotel",2015-10-29,30,2,6.6667
"Resort Hotel",2015-10-30,38,0,0.0000
"Resort Hotel",2015-10-31,81,32,39.5062
"Resort Hotel",2015-11-01,29,7,24.1379
"Resort Hotel",2015-11-02,40,7,17.5000
"Resort Hotel",2015-11-03,50,3,6.0000
"Resort Hotel",2015-11-04,18,3,16.6667
"Resort Hotel",2015-11-05,20,0,0.0000
"Resort Hotel",2015-11-06,37,7,18.9189
"Resort Hotel",2015-11-07,74,18,24.3243
"Resort Hotel",2015-11-08,32,5,15.6250
"Resort Hotel",2015-11-09,27,4,14.8148
"Resort Hotel",2015-11-10,23,5,21.7391
"Resort Hotel",2015-11-11,42,19,45.2381
"Resort Hotel",2015-11-12,45,16,35.5556
"Resort Hotel",2015-11-13,15,2,13.3333
"Resort Hotel",2015-11-14,11,3,27.2727
"Resort Hotel",2015-11-15,15,3,20.0000
"Resort Hotel",2015-11-16,57,10,17.5439
"Resort Hotel",2015-11-17,37,1,2.7027
"Resort Hotel",2015-11-18,69,4,5.7971
"Resort Hotel",2015-11-19,28,4,14.2857
"Resort Hotel",2015-11-20,85,37,43.5294
"Resort Hotel",2015-11-21,72,4,5.5556
"Resort Hotel",2015-11-22,13,0,0.0000
"Resort Hotel",2015-11-23,31,5,16.1290
"Resort Hotel",2015-11-24,37,0,0.0000
"Resort Hotel",2015-11-25,29,0,0.0000
"Resort Hotel",2015-11-26,28,1,3.5714
"Resort Hotel",2015-11-27,55,7,12.7273
"Resort Hotel",2015-11-28,41,5,12.1951
"Resort Hotel",2015-11-29,5,1,20.0000
"Resort Hotel",2015-11-30,40,4,10.0000
"Resort Hotel",2015-12-01,30,1,3.3333
"Resort Hotel",2015-12-02,35,1,2.8571
"Resort Hotel",2015-12-03,40,5,12.5000
"Resort Hotel",2015-12-04,32,9,28.1250
"Resort Hotel",2015-12-05,222,106,47.7477
"Resort Hotel",2015-12-06,37,15,40.5405
"Resort Hotel",2015-12-07,21,4,19.0476
"Resort Hotel",2015-12-08,14,2,14.2857
"Resort Hotel",2015-12-09,33,0,0.0000
"Resort Hotel",2015-12-10,22,0,0.0000
"Resort Hotel",2015-12-11,16,2,12.5000
"Resort Hotel",2015-12-12,30,1,3.3333
"Resort Hotel",2015-12-13,10,1,10.0000
"Resort Hotel",2015-12-14,25,1,4.0000
"Resort Hotel",2015-12-15,17,1,5.8824
"Resort Hotel",2015-12-16,22,0,0.0000
"Resort Hotel",2015-12-17,25,4,16.0000
"Resort Hotel",2015-12-18,15,1,6.6667
"Resort Hotel",2015-12-19,58,29,50.0000
"Resort Hotel",2015-12-20,24,9,37.5000
"Resort Hotel",2015-12-21,32,8,25.0000
"Resort Hotel",2015-12-22,61,15,24.5902
"Resort Hotel",2015-12-23,41,7,17.0732
"Resort Hotel",2015-12-24,46,6,13.0435
"Resort Hotel",2015-12-25,40,22,55.0000
"Resort Hotel",2015-12-26,42,12,28.5714
"Resort Hotel",2015-12-27,39,6,15.3846
"Resort Hotel",2015-12-28,44,10,22.7273
"Resort Hotel",2015-12-29,26,2,7.6923
"Resort Hotel",2015-12-30,121,12,9.9174
"Resort Hotel",2015-12-31,46,13,28.2609
"Resort Hotel",2016-01-01,15,5,33.3333
"Resort Hotel",2016-01-02,70,30,42.8571
"Resort Hotel",2016-01-03,26,2,7.6923
"Resort Hotel",2016-01-04,44,11,25.0000
"Resort Hotel",2016-01-05,25,6,24.0000
"Resort Hotel",2016-01-06,19,2,10.5263
"Resort Hotel",2016-01-07,24,4,16.6667
"Resort Hotel",2016-01-08,26,8,30.7692
"Resort Hotel",2016-01-09,34,7,20.5882
"Resort Hotel",2016-01-10,20,2,10.0000
"Resort Hotel",2016-01-11,31,0,0.0000
"Resort Hotel",2016-01-12,39,5,12.8205
"Resort Hotel",2016-01-13,30,3,10.0000
"Resort Hotel",2016-01-14,32,0,0.0000
"Resort Hotel",2016-01-15,33,2,6.0606
"Resort Hotel",2016-01-16,29,2,6.8966
"Resort Hotel",2016-01-17,12,2,16.6667
"Resort Hotel",2016-01-18,32,2,6.2500
"Resort Hotel",2016-01-19,30,1,3.3333
"Resort Hotel",2016-01-20,30,0,0.0000
"Resort Hotel",2016-01-21,26,3,11.5385
"Resort Hotel",2016-01-22,26,4,15.3846
"Resort Hotel",2016-01-23,37,2,5.4054
"Resort Hotel",2016-01-24,7,0,0.0000
"Resort Hotel",2016-01-25,18,2,11.1111
"Resort Hotel",2016-01-26,41,1,2.4390
"Resort Hotel",2016-01-27,22,2,9.0909
"Resort Hotel",2016-01-28,42,5,11.9048
"Resort Hotel",2016-01-29,30,3,10.0000
"Resort Hotel",2016-01-30,21,2,9.5238
"Resort Hotel",2016-01-31,13,1,7.6923
"Resort Hotel",2016-02-01,33,7,21.2121
"Resort Hotel",2016-02-02,37,2,5.4054
"Resort Hotel",2016-02-03,34,6,17.6471
"Resort Hotel",2016-02-04,54,6,11.1111
"Resort Hotel",2016-02-05,53,5,9.4340
"Resort Hotel",2016-02-06,108,30,27.7778
"Resort Hotel",2016-02-07,66,30,45.4545
"Resort Hotel",2016-02-08,30,9,30.0000
"Resort Hotel",2016-02-09,42,10,23.8095
"Resort Hotel",2016-02-10,31,2,6.4516
"Resort Hotel",2016-02-11,45,19,42.2222
"Resort Hotel",2016-02-12,175,99,56.5714
"Resort Hotel",2016-02-13,74,7,9.4595
"Resort Hotel",2016-02-14,41,9,21.9512
"Resort Hotel",2016-02-15,37,6,16.2162
"Resort Hotel",2016-02-16,37,0,0.0000
"Resort Hotel",2016-02-17,46,3,6.5217
"Resort Hotel",2016-02-18,29,2,6.8966
"Resort Hotel",2016-02-19,27,7,25.9259
"Resort Hotel",2016-02-20,42,6,14.2857
"Resort Hotel",2016-02-21,16,4,25.0000
"Resort Hotel",2016-02-22,44,4,9.0909
"Resort Hotel",2016-02-23,28,2,7.1429
"Resort Hotel",2016-02-24,31,3,9.6774
"Resort Hotel",2016-02-25,51,4,7.8431
"Resort Hotel",2016-02-26,154,96,62.3377
"Resort Hotel",2016-02-27,103,20,19.4175
"Resort Hotel",2016-02-28,25,6,24.0000
"Resort Hotel",2016-02-29,27,3,11.1111
"Resort Hotel",2016-03-01,54,16,29.6296
"Resort Hotel",2016-03-02,58,22,37.9310
"Resort Hotel",2016-03-03,22,2,9.0909
"Resort Hotel",2016-03-04,81,24,29.6296
"Resort Hotel",2016-03-05,53,15,28.3019
"Resort Hotel",2016-03-06,18,0,0.0000
"Resort Hotel",2016-03-07,65,11,16.9231
"Resort Hotel",2016-03-08,44,1,2.2727
"Resort Hotel",2016-03-09,68,9,13.2353
"Resort Hotel",2016-03-10,30,4,13.3333
"Resort Hotel",2016-03-11,63,14,22.2222
"Resort Hotel",2016-03-12,62,9,14.5161
"Resort Hotel",2016-03-13,26,4,15.3846
"Resort Hotel",2016-03-14,54,8,14.8148
"Resort Hotel",2016-03-15,52,3,5.7692
"Resort Hotel",2016-03-16,49,3,6.1224
"Resort Hotel",2016-03-17,71,7,9.8592
"Resort Hotel",2016-03-18,51,10,19.6078
"Resort Hotel",2016-03-19,91,30,32.9670
"Resort Hotel",2016-03-20,48,12,25.0000
"Resort Hotel",2016-03-21,65,13,20.0000
"Resort Hotel",2016-03-22,53,8,15.0943
"Resort Hotel",2016-03-23,41,5,12.1951
"Resort Hotel",2016-03-24,170,67,39.4118
"Resort Hotel",2016-03-25,45,8,17.7778
"Resort Hotel",2016-03-26,23,5,21.7391
"Resort Hotel",2016-03-27,47,13,27.6596
"Resort Hotel",2016-03-28,70,22,31.4286
"Resort Hotel",2016-03-29,45,5,11.1111
"Resort Hotel",2016-03-30,57,6,10.5263
"Resort Hotel",2016-03-31,102,13,12.7451
"Resort Hotel",2016-04-01,23,2,8.6957
"Resort Hotel",2016-04-02,25,4,16.0000
"Resort Hotel",2016-04-03,28,4,14.2857
"Resort Hotel",2016-04-04,100,19,19.0000
"Resort Hotel",2016-04-05,42,3,7.1429
"Resort Hotel",2016-04-06,48,3,6.2500
"Resort Hotel",2016-04-07,88,22,25.0000
"Resort Hotel",2016-04-08,46,6,13.0435
"Resort Hotel",2016-04-09,78,23,29.4872
"Resort Hotel",2016-04-10,48,8,16.6667
"Resort Hotel",2016-04-11,79,33,41.7722
"Resort Hotel",2016-04-12,62,29,46.7742
"Resort Hotel",2016-04-13,38,2,5.2632
"Resort Hotel",2016-04-14,37,3,8.1081
"Resort Hotel",2016-04-15,32,7,21.8750
"Resort Hotel",2016-04-16,71,16,22.5352
"Resort Hotel",2016-04-17,30,5,16.6667
"Resort Hotel",2016-04-18,111,21,18.9189
"Resort Hotel",2016-04-19,75,32,42.6667
"Resort Hotel",2016-04-20,44,5,11.3636
"Resort Hotel",2016-04-21,30,8,26.6667
"Resort Hotel",2016-04-22,91,25,27.4725
"Resort Hotel",2016-04-23,66,20,30.3030
"Resort Hotel",2016-04-24,60,31,51.6667
"Resort Hotel",2016-04-25,62,34,54.8387
"Resort Hotel",2016-04-26,74,20,27.0270
"Resort Hotel",2016-04-27,64,13,20.3125
"Resort Hotel",2016-04-28,75,30,40.0000
"Resort Hotel",2016-04-29,117,65,55.5556
"Resort Hotel",2016-04-30,123,29,23.5772
"Resort Hotel",2016-05-01,33,8,24.2424
"Resort Hotel",2016-05-02,107,29,27.1028
"Resort Hotel",2016-05-03,33,6,18.1818
"Resort Hotel",2016-05-04,41,3,7.3171
"Resort Hotel",2016-05-05,56,8,14.2857
"Resort Hotel",2016-05-06,45,15,33.3333
"Resort Hotel",2016-05-07,60,10,16.6667
"Resort Hotel",2016-05-08,60,15,25.0000
"Resort Hotel",2016-05-09,45,9,20.0000
"Resort Hotel",2016-05-10,50,16,32.0000
"Resort Hotel",2016-05-11,38,4,10.5263
"Resort Hotel",2016-05-12,150,63,42.0000
"Resort Hotel",2016-05-13,31,12,38.7097
"Resort Hotel",2016-05-14,78,24,30.7692
"Resort Hotel",2016-05-15,88,34,38.6364
"Resort Hotel",2016-05-16,104,25,24.0385
"Resort Hotel",2016-05-17,62,16,25.8065
"Resort Hotel",2016-05-18,66,29,43.9394
"Resort Hotel",2016-05-19,73,12,16.4384
"Resort Hotel",2016-05-20,32,9,28.1250
"Resort Hotel",2016-05-21,47,16,34.0426
"Resort Hotel",2016-05-22,40,5,12.5000
"Resort Hotel",2016-05-23,38,9,23.6842
"Resort Hotel",2016-05-24,49,10,20.4082
"Resort Hotel",2016-05-25,49,11,22.4490
"Resort Hotel",2016-05-26,67,7,10.4478
"Resort Hotel",2016-05-27,40,24,60.0000
"Resort Hotel",2016-05-28,47,16,34.0426
"Resort Hotel",2016-05-29,37,9,24.3243
"Resort Hotel",2016-05-30,76,12,15.7895
"Resort Hotel",2016-05-31,60,13,21.6667
"Resort Hotel",2016-06-01,68,23,33.8235
"Resort Hotel",2016-06-02,56,7,12.5000
"Resort Hotel",2016-06-03,54,22,40.7407
"Resort Hotel",2016-06-04,43,13,30.2326
"Resort Hotel",2016-06-05,42,14,33.3333
"Resort Hotel",2016-06-06,49,11,22.4490
"Resort Hotel",2016-06-07,35,13,37.1429
"Resort Hotel",2016-06-08,27,8,29.6296
"Resort Hotel",2016-06-09,39,7,17.9487
"Resort Hotel",2016-06-10,42,12,28.5714
"Resort Hotel",2016-06-11,52,12,23.0769
"Resort Hotel",2016-06-12,79,38,48.1013
"Resort Hotel",2016-06-13,58,19,32.7586
"Resort Hotel",2016-06-14,29,10,34.4828
"Resort Hotel",2016-06-15,35,2,5.7143
"Resort Hotel",2016-06-16,37,10,27.0270
"Resort Hotel",2016-06-17,51,14,27.4510
"Resort Hotel",2016-06-18,54,17,31.4815
"Resort Hotel",2016-06-19,33,10,30.3030
"Resort Hotel",2016-06-20,51,16,31.3725
"Resort Hotel",2016-06-21,60,14,23.3333
"Resort Hotel",2016-06-22,53,11,20.7547
"Resort Hotel",2016-06-23,39,4,10.2564
"Resort Hotel",2016-06-24,21,5,23.8095
"Resort Hotel",2016-06-25,63,15,23.8095
"Resort Hotel",2016-06-26,51,11,21.5686
"Resort Hotel",2016-06-27,44,20,45.4545
"Resort Hotel",2016-06-28,35,6,17.1429
"Resort Hotel",2016-06-29,19,5,26.3158
"Resort Hotel",2016-06-30,50,7,14.0000
"Resort Hotel",2016-07-01,32,13,40.6250
"Resort Hotel",2016-07-02,54,18,33.3333
"Resort Hotel",2016-07-03,33,11,33.3333
"Resort Hotel",2016-07-04,56,12,21.4286
"Resort Hotel",2016-07-05,35,3,8.5714
"Resort Hotel",2016-07-06,24,5,20.8333
"Resort Hotel",2016-07-07,35,9,25.7143
"Resort Hotel",2016-07-08,44,19,43.1818
"Resort Hotel",2016-07-09,50,16,32.0000
"Resort Hotel",2016-07-10,30,5,16.6667
"Resort Hotel",2016-07-11,45,15,33.3333
"Resort Hotel",2016-07-12,46,19,41.3043
"Resort Hotel",2016-07-13,28,10,35.7143
"Resort Hotel",2016-07-14,46,14,30.4348
"Resort Hotel",2016-07-15,60,22,36.6667
"Resort Hotel",2016-07-16,72,34,47.2222
"Resort Hotel",2016-07-17,51,19,37.2549
"Resort Hotel",2016-07-18,71,23,32.3944
"Resort Hotel",2016-07-19,41,9,21.9512
"Resort Hotel",2016-07-20,41,12,29.2683
"Resort Hotel",2016-07-21,53,15,28.3019
"Resort Hotel",2016-07-22,46,17,36.9565
"Resort Hotel",2016-07-23,65,25,38.4615
"Resort Hotel",2016-07-24,49,15,30.6122
"Resort Hotel",2016-07-25,65,24,36.9231
"Resort Hotel",2016-07-26,35,9,25.7143
"Resort Hotel",2016-07-27,35,10,28.5714
"Resort Hotel",2016-07-28,39,8,20.5128
"Resort Hotel",2016-07-29,42,11,26.1905
"Resort Hotel",2016-07-30,67,21,31.3433
"Resort Hotel",2016-07-31,51,13,25.4902
"Resort Hotel",2016-08-01,89,28,31.4607
"Resort Hotel",2016-08-02,50,19,38.0000
"Resort Hotel",2016-08-03,36,10,27.7778
"Resort Hotel",2016-08-04,51,14,27.4510
"Resort Hotel",2016-08-05,50,21,42.0000
"Resort Hotel",2016-08-06,51,19,37.2549
"Resort Hotel",2016-08-07,54,20,37.0370
"Resort Hotel",2016-08-08,76,22,28.9474
"Resort Hotel",2016-08-09,32,10,31.2500
"Resort Hotel",2016-08-10,49,19,38.7755
"Resort Hotel",2016-08-11,55,19,34.5455
"Resort Hotel",2016-08-12,62,22,35.4839
"Resort Hotel",2016-08-13,78,37,47.4359
"Resort Hotel",2016-08-14,46,17,36.9565
"Resort Hotel",2016-08-15,76,28,36.8421
"Resort Hotel",2016-08-16,62,25,40.3226
"Resort Hotel",2016-08-17,45,18,40.0000
"Resort Hotel",2016-08-18,64,23,35.9375
"Resort Hotel",2016-08-19,39,9,23.0769
"Resort Hotel",2016-08-20,67,25,37.3134
"Resort Hotel",2016-08-21,40,10,25.0000
"Resort Hotel",2016-08-22,72,23,31.9444
"Resort Hotel",2016-08-23,38,10,26.3158
"Resort Hotel",2016-08-24,37,14,37.8378
"Resort Hotel",2016-08-25,47,19,40.4255
"Resort Hotel",2016-08-26,63,24,38.0952
"Resort Hotel",2016-08-27,64,18,28.1250
"Resort Hotel",2016-08-28,50,16,32.0000
"Resort Hotel",2016-08-29,62,19,30.6452
"Resort Hotel",2016-08-30,43,13,30.2326
"Resort Hotel",2016-08-31,37,7,18.9189
"Resort Hotel",2016-09-01,67,23,34.3284
"Resort Hotel",2016-09-02,56,20,35.7143
"Resort Hotel",2016-09-03,45,8,17.7778
"Resort Hotel",2016-09-04,40,14,35.0000
"Resort Hotel",2016-09-05,55,12,21.8182
"Resort Hotel",2016-09-06,24,5,20.8333
"Resort Hotel",2016-09-07,69,57,82.6087
"Resort Hotel",2016-09-08,32,12,37.5000
"Resort Hotel",2016-09-09,49,10,20.4082
"Resort Hotel",2016-09-10,48,11,22.9167
"Resort Hotel",2016-09-11,58,25,43.1034
"Resort Hotel",2016-09-12,52,13,25.0000
"Resort Hotel",2016-09-13,35,5,14.2857
"Resort Hotel",2016-09-14,41,6,14.6341
"Resort Hotel",2016-09-15,84,5,5.9524
"Resort Hotel",2016-09-16,29,9,31.0345
"Resort Hotel",2016-09-17,27,4,14.8148
"Resort Hotel",2016-09-18,71,11,15.4930
"Resort Hotel",2016-09-19,76,24,31.5789
"Resort Hotel",2016-09-20,66,15,22.7273
"Resort Hotel",2016-09-21,77,35,45.4545
"Resort Hotel",2016-09-22,32,11,34.3750
"Resort Hotel",2016-09-23,44,18,40.9091
"Resort Hotel",2016-09-24,40,15,37.5000
"Resort Hotel",2016-09-25,40,9,22.5000
"Resort Hotel",2016-09-26,96,29,30.2083
"Resort Hotel",2016-09-27,35,6,17.1429
"Resort Hotel",2016-09-28,33,10,30.3030
"Resort Hotel",2016-09-29,44,4,9.0909
"Resort Hotel",2016-09-30,58,29,50.0000
"Resort Hotel",2016-10-01,45,25,55.5556
"Resort Hotel",2016-10-02,39,6,15.3846
"Resort Hotel",2016-10-03,50,13,26.0000
"Resort Hotel",2016-10-04,41,7,17.0732
"Resort Hotel",2016-10-05,49,11,22.4490
"Resort Hotel",2016-10-06,125,32,25.6000
"Resort Hotel",2016-10-07,26,8,30.7692
"Resort Hotel",2016-10-08,70,41,58.5714
"Resort Hotel",2016-10-09,115,39,33.9130
"Resort Hotel",2016-10-10,41,3,7.3171
"Resort Hotel",2016-10-11,72,7,9.7222
"Resort Hotel",2016-10-12,100,7,7.0000
"Resort Hotel",2016-10-13,22,2,9.0909
"Resort Hotel",2016-10-14,25,3,12.0000
"Resort Hotel",2016-10-15,36,24,66.6667
"Resort Hotel",2016-10-16,92,31,33.6957
"Resort Hotel",2016-10-17,56,19,33.9286
"Resort Hotel",2016-10-18,76,21,27.6316
"Resort Hotel",2016-10-19,53,12,22.6415
"Resort Hotel",2016-10-20,103,17,16.5049
"Resort Hotel",2016-10-21,55,23,41.8182
"Resort Hotel",2016-10-22,93,59,63.4409
"Resort Hotel",2016-10-23,59,10,16.9492
"Resort Hotel",2016-10-24,66,20,30.3030
"Resort Hotel",2016-10-25,47,9,19.1489
"Resort Hotel",2016-10-26,64,18,28.1250
"Resort Hotel",2016-10-27,73,35,47.9452
"Resort Hotel",2016-10-28,70,22,31.4286
"Resort Hotel",2016-10-29,96,20,20.8333
"Resort Hotel",2016-10-30,63,12,19.0476
"Resort Hotel",2016-10-31,62,11,17.7419
"Resort Hotel",2016-11-01,53,22,41.5094
"Resort Hotel",2016-11-02,45,9,20.0000
"Resort Hotel",2016-11-03,62,20,32.2581
"Resort Hotel",2016-11-04,55,8,14.5455
"Resort Hotel",2016-11-05,82,29,35.3659
"Resort Hotel",2016-11-06,33,8,24.2424
"Resort Hotel",2016-11-07,46,8,17.3913
"Resort Hotel",2016-11-08,49,8,16.3265
"Resort Hotel",2016-11-09,37,2,5.4054
"Resort Hotel",2016-11-10,53,15,28.3019
"Resort Hotel",2016-11-11,43,12,27.9070
"Resort Hotel",2016-11-12,58,17,29.3103
"Resort Hotel",2016-11-13,31,0,0.0000
"Resort Hotel",2016-11-14,54,8,14.8148
"Resort Hotel",2016-11-15,47,1,2.1277
"Resort Hotel",2016-11-16,33,4,12.1212
"Resort Hotel",2016-11-17,61,12,19.6721
"Resort Hotel",2016-11-18,66,9,13.6364
"Resort Hotel",2016-11-19,53,5,9.4340
"Resort Hotel",2016-11-20,22,2,9.0909
"Resort Hotel",2016-11-21,39,10,25.6410
"Resort Hotel",2016-11-22,23,4,17.3913
"Resort Hotel",2016-11-23,31,6,19.3548
"Resort Hotel",2016-11-24,36,7,19.4444
"Resort Hotel",2016-11-25,45,8,17.7778
"Resort Hotel",2016-11-26,63,22,34.9206
"Resort Hotel",2016-11-27,17,4,23.5294
"Resort Hotel",2016-11-28,35,2,5.7143
"Resort Hotel",2016-11-29,41,8,19.5122
"Resort Hotel",2016-11-30,19,6,31.5789
"Resort Hotel",2016-12-01,44,7,15.9091
"Resort Hotel",2016-12-02,56,5,8.9286
"Resort Hotel",2016-12-03,100,42,42.0000
"Resort Hotel",2016-12-04,18,1,5.5556
"Resort Hotel",2016-12-05,59,11,18.6441
"Resort Hotel",2016-12-06,27,6,22.2222
"Resort Hotel",2016-12-07,29,7,24.1379
"Resort Hotel",2016-12-08,80,20,25.0000
"Resort Hotel",2016-12-09,23,3,13.0435
"Resort Hotel",2016-12-10,40,9,22.5000
"Resort Hotel",2016-12-11,16,3,18.7500
"Resort Hotel",2016-12-12,34,4,11.7647
"Resort Hotel",2016-12-13,32,2,6.2500
"Resort Hotel",2016-12-14,37,1,2.7027
"Resort Hotel",2016-12-15,35,5,14.2857
"Resort Hotel",2016-12-16,44,6,13.6364
"Resort Hotel",2016-12-17,60,15,25.0000
"Resort Hotel",2016-12-18,16,4,25.0000
"Resort Hotel",2016-12-19,42,7,16.6667
"Resort Hotel",2016-12-20,36,14,38.8889
"Resort Hotel",2016-12-21,31,8,25.8065
"Resort Hotel",2016-12-22,53,15,28.3019
"Resort Hotel",2016-12-23,64,20,31.2500
"Resort Hotel",2016-12-24,64,16,25.0000
"Resort Hotel",2016-12-25,21,2,9.5238
"Resort Hotel",2016-12-26,50,21,42.0000
"Resort Hotel",2016-12-27,39,7,17.9487
"Resort Hotel",2016-12-28,34,8,23.5294
"Resort Hotel",2016-12-29,33,6,18.1818
"Resort Hotel",2016-12-30,134,43,32.0896
"Resort Hotel",2016-12-31,31,8,25.8065
"Resort Hotel",2017-01-01,25,10,40.0000
"Resort Hotel",2017-01-02,55,13,23.6364
"Resort Hotel",2017-01-03,29,7,24.1379
"Resort Hotel",2017-01-04,35,8,22.8571
"Resort Hotel",2017-01-05,33,4,12.1212
"Resort Hotel",2017-01-06,43,5,11.6279
"Resort Hotel",2017-01-07,38,7,18.4211
"Resort Hotel",2017-01-08,29,5,17.2414
"Resort Hotel",2017-01-09,32,5,15.6250
"Resort Hotel",2017-01-10,35,2,5.7143
"Resort Hotel",2017-01-11,24,8,33.3333
"Resort Hotel",2017-01-12,42,5,11.9048
"Resort Hotel",2017-01-13,22,3,13.6364
"Resort Hotel",2017-01-14,75,14,18.6667
"Resort Hotel",2017-01-15,18,1,5.5556
"Resort Hotel",2017-01-16,132,18,13.6364
"Resort Hotel",2017-01-17,38,5,13.1579
"Resort Hotel",2017-01-18,29,2,6.8966
"Resort Hotel",2017-01-19,52,7,13.4615
"Resort Hotel",2017-01-20,24,8,33.3333
"Resort Hotel",2017-01-21,46,2,4.3478
"Resort Hotel",2017-01-22,24,4,16.6667
"Resort Hotel",2017-01-23,32,6,18.7500
"Resort Hotel",2017-01-24,35,3,8.5714
"Resort Hotel",2017-01-25,41,2,4.8780
"Resort Hotel",2017-01-26,54,4,7.4074
"Resort Hotel",2017-01-27,79,12,15.1899
"Resort Hotel",2017-01-28,61,20,32.7869
"Resort Hotel",2017-01-29,35,4,11.4286
"Resort Hotel",2017-01-30,58,8,13.7931
"Resort Hotel",2017-01-31,34,4,11.7647
"Resort Hotel",2017-02-01,35,5,14.2857
"Resort Hotel",2017-02-02,32,8,25.0000
"Resort Hotel",2017-02-03,45,7,15.5556
"Resort Hotel",2017-02-04,81,15,18.5185
"Resort Hotel",2017-02-05,16,4,25.0000
"Resort Hotel",2017-02-06,65,11,16.9231
"Resort Hotel",2017-02-07,31,7,22.5806
"Resort Hotel",2017-02-08,42,6,14.2857
"Resort Hotel",2017-02-09,44,3,6.8182
"Resort Hotel",2017-02-10,88,43,48.8636
"Resort Hotel",2017-02-11,64,17,26.5625
"Resort Hotel",2017-02-12,38,8,21.0526
"Resort Hotel",2017-02-13,84,13,15.4762
"Resort Hotel",2017-02-14,57,11,19.2982
"Resort Hotel",2017-02-15,31,4,12.9032
"Resort Hotel",2017-02-16,52,12,23.0769
"Resort Hotel",2017-02-17,97,22,22.6804
"Resort Hotel",2017-02-18,82,26,31.7073
"Resort Hotel",2017-02-19,46,17,36.9565
"Resort Hotel",2017-02-20,58,9,15.5172
"Resort Hotel",2017-02-21,49,7,14.2857
"Resort Hotel",2017-02-22,72,21,29.1667
"Resort Hotel",2017-02-23,69,19,27.5362
"Resort Hotel",2017-02-24,57,22,38.5965
"Resort Hotel",2017-02-25,109,33,30.2752
"Resort Hotel",2017-02-26,46,6,13.0435
"Resort Hotel",2017-02-27,33,5,15.1515
"Resort Hotel",2017-02-28,60,27,45.0000
"Resort Hotel",2017-03-01,73,25,34.2466
"Resort Hotel",2017-03-02,105,1,0.9524
"Resort Hotel",2017-03-03,25,6,24.0000
"Resort Hotel",2017-03-04,26,7,26.9231
"Resort Hotel",2017-03-05,83,30,36.1446
"Resort Hotel",2017-03-06,32,5,15.6250
"Resort Hotel",2017-03-07,46,5,10.8696
"Resort Hotel",2017-03-08,26,5,19.2308
"Resort Hotel",2017-03-09,105,48,45.7143
"Resort Hotel",2017-03-10,41,7,17.0732
"Resort Hotel",2017-03-11,74,26,35.1351
"Resort Hotel",2017-03-12,40,8,20.0000
"Resort Hotel",2017-03-13,56,9,16.0714
"Resort Hotel",2017-03-14,74,34,45.9459
"Resort Hotel",2017-03-15,47,9,19.1489
"Resort Hotel",2017-03-16,40,4,10.0000
"Resort Hotel",2017-03-17,23,6,26.0870
"Resort Hotel",2017-03-18,49,13,26.5306
"Resort Hotel",2017-03-19,50,6,12.0000
"Resort Hotel",2017-03-20,43,4,9.3023
"Resort Hotel",2017-03-21,28,0,0.0000
"Resort Hotel",2017-03-22,17,3,17.6471
"Resort Hotel",2017-03-23,28,2,7.1429
"Resort Hotel",2017-03-24,44,25,56.8182
"Resort Hotel",2017-03-25,52,9,17.3077
"Resort Hotel",2017-03-26,28,8,28.5714
"Resort Hotel",2017-03-27,75,50,66.6667
"Resort Hotel",2017-03-28,43,10,23.2558
"Resort Hotel",2017-03-29,59,8,13.5593
"Resort Hotel",2017-03-30,60,9,15.0000
"Resort Hotel",2017-03-31,66,12,18.1818
"Resort Hotel",2017-04-01,35,8,22.8571
"Resort Hotel",2017-04-02,29,8,27.5862
"Resort Hotel",2017-04-03,64,26,40.6250
"Resort Hotel",2017-04-04,28,5,17.8571
"Resort Hotel",2017-04-05,91,14,15.3846
"Resort Hotel",2017-04-06,39,13,33.3333
"Resort Hotel",2017-04-07,30,9,30.0000
"Resort Hotel",2017-04-08,89,34,38.2022
"Resort Hotel",2017-04-09,98,43,43.8776
"Resort Hotel",2017-04-10,52,16,30.7692
"Resort Hotel",2017-04-11,55,12,21.8182
"Resort Hotel",2017-04-12,45,12,26.6667
"Resort Hotel",2017-04-13,96,39,40.6250
"Resort Hotel",2017-04-14,83,39,46.9880
"Resort Hotel",2017-04-15,47,18,38.2979
"Resort Hotel",2017-04-16,60,27,45.0000
"Resort Hotel",2017-04-17,65,19,29.2308
"Resort Hotel",2017-04-18,53,11,20.7547
"Resort Hotel",2017-04-19,41,5,12.1951
"Resort Hotel",2017-04-20,41,8,19.5122
"Resort Hotel",2017-04-21,32,9,28.1250
"Resort Hotel",2017-04-22,96,25,26.0417
"Resort Hotel",2017-04-23,53,9,16.9811
"Resort Hotel",2017-04-24,18,3,16.6667
"Resort Hotel",2017-04-25,47,12,25.5319
"Resort Hotel",2017-04-26,23,3,13.0435
"Resort Hotel",2017-04-27,47,11,23.4043
"Resort Hotel",2017-04-28,55,15,27.2727
"Resort Hotel",2017-04-29,150,53,35.3333
"Resort Hotel",2017-04-30,80,31,38.7500
"Resort Hotel",2017-05-01,49,13,26.5306
"Resort Hotel",2017-05-02,53,12,22.6415
"Resort Hotel",2017-05-03,75,31,41.3333
"Resort Hotel",2017-05-04,80,38,47.5000
"Resort Hotel",2017-05-05,66,31,46.9697
"Resort Hotel",2017-05-06,34,11,32.3529
"Resort Hotel",2017-05-07,46,10,21.7391
"Resort Hotel",2017-05-08,83,13,15.6627
"Resort Hotel",2017-05-09,79,27,34.1772
"Resort Hotel",2017-05-10,31,16,51.6129
"Resort Hotel",2017-05-11,45,13,28.8889
"Resort Hotel",2017-05-12,42,8,19.0476
"Resort Hotel",2017-05-13,61,19,31.1475
"Resort Hotel",2017-05-14,47,14,29.7872
"Resort Hotel",2017-05-15,63,8,12.6984
"Resort Hotel",2017-05-16,47,5,10.6383
"Resort Hotel",2017-05-17,45,14,31.1111
"Resort Hotel",2017-05-18,50,12,24.0000
"Resort Hotel",2017-05-19,25,11,44.0000
"Resort Hotel",2017-05-20,40,15,37.5000
"Resort Hotel",2017-05-21,52,17,32.6923
"Resort Hotel",2017-05-22,52,10,19.2308
"Resort Hotel",2017-05-23,57,11,19.2982
"Resort Hotel",2017-05-24,53,9,16.9811
"Resort Hotel",2017-05-25,143,43,30.0699
"Resort Hotel",2017-05-26,37,17,45.9459
"Resort Hotel",2017-05-27,40,23,57.5000
"Resort Hotel",2017-05-28,99,31,31.3131
"Resort Hotel",2017-05-29,50,7,14.0000
"Resort Hotel",2017-05-30,53,23,43.3962
"Resort Hotel",2017-05-31,60,33,55.0000
"Resort Hotel",2017-06-01,77,22,28.5714
"Resort Hotel",2017-06-02,84,37,44.0476
"Resort Hotel",2017-06-03,96,49,51.0417
"Resort Hotel",2017-06-04,47,12,25.5319
"Resort Hotel",2017-06-05,42,19,45.2381
"Resort Hotel",2017-06-06,38,10,26.3158
"Resort Hotel",2017-06-07,39,11,28.2051
"Resort Hotel",2017-06-08,67,28,41.7910
"Resort Hotel",2017-06-09,56,20,35.7143
"Resort Hotel",2017-06-10,69,17,24.6377
"Resort Hotel",2017-06-11,69,24,34.7826
"Resort Hotel",2017-06-12,46,17,36.9565
"Resort Hotel",2017-06-13,43,12,27.9070
"Resort Hotel",2017-06-14,48,22,45.8333
"Resort Hotel",2017-06-15,72,27,37.5000
"Resort Hotel",2017-06-16,55,29,52.7273
"Resort Hotel",2017-06-17,56,21,37.5000
"Resort Hotel",2017-06-18,57,28,49.1228
"Resort Hotel",2017-06-19,49,18,36.7347
"Resort Hotel",2017-06-20,39,12,30.7692
"Resort Hotel",2017-06-21,38,12,31.5789
"Resort Hotel",2017-06-22,60,21,35.0000
"Resort Hotel",2017-06-23,44,11,25.0000
"Resort Hotel",2017-06-24,74,29,39.1892
"Resort Hotel",2017-06-25,60,34,56.6667
"Resort Hotel",2017-06-26,76,29,38.1579
"Resort Hotel",2017-06-27,29,12,41.3793
"Resort Hotel",2017-06-28,34,12,35.2941
"Resort Hotel",2017-06-29,40,13,32.5000
"Resort Hotel",2017-06-30,72,23,31.9444
"Resort Hotel",2017-07-01,90,38,42.2222
"Resort Hotel",2017-07-02,55,23,41.8182
"Resort Hotel",2017-07-03,67,30,44.7761
"Resort Hotel",2017-07-04,49,19,38.7755
"Resort Hotel",2017-07-05,40,15,37.5000
"Resort Hotel",2017-07-06,44,14,31.8182
"Resort Hotel",2017-07-07,42,14,33.3333
"Resort Hotel",2017-07-08,51,16,31.3725
"Resort Hotel",2017-07-09,69,14,20.2899
"Resort Hotel",2017-07-10,64,21,32.8125
"Resort Hotel",2017-07-11,69,24,34.7826
"Resort Hotel",2017-07-12,56,19,33.9286
"Resort Hotel",2017-07-13,54,14,25.9259
"Resort Hotel",2017-07-14,56,19,33.9286
"Resort Hotel",2017-07-15,72,28,38.8889
"Resort Hotel",2017-07-16,54,21,38.8889
"Resort Hotel",2017-07-17,69,33,47.8261
"Resort Hotel",2017-07-18,53,17,32.0755
"Resort Hotel",2017-07-19,37,11,29.7297
"Resort Hotel",2017-07-20,46,15,32.6087
"Resort Hotel",2017-07-21,46,15,32.6087
"Resort Hotel",2017-07-22,64,38,59.3750
"Resort Hotel",2017-07-23,52,17,32.6923
"Resort Hotel",2017-07-24,77,29,37.6623
"Resort Hotel",2017-07-25,44,14,31.8182
"Resort Hotel",2017-07-26,41,23,56.0976
"Resort Hotel",2017-07-27,52,17,32.6923
"Resort Hotel",2017-07-28,59,24,40.6780
"Resort Hotel",2017-07-29,66,33,50.0000
"Resort Hotel",2017-07-30,53,16,30.1887
"Resort Hotel",2017-07-31,63,29,46.0317
"Resort Hotel",2017-08-01,74,28,37.8378
"Resort Hotel",2017-08-02,44,15,34.0909
"Resort Hotel",2017-08-03,53,25,47.1698
"Resort Hotel",2017-08-04,66,29,43.9394
"Resort Hotel",2017-08-05,69,31,44.9275
"Resort Hotel",2017-08-06,74,31,41.8919
"Resort Hotel",2017-08-07,84,36,42.8571
"Resort Hotel",2017-08-08,48,10,20.8333
"Resort Hotel",2017-08-09,32,8,25.0000
"Resort Hotel",2017-08-10,44,15,34.0909
"Resort Hotel",2017-08-11,50,20,40.0000
"Resort Hotel",2017-08-12,56,20,35.7143
"Resort Hotel",2017-08-13,60,21,35.0000
"Resort Hotel",2017-08-14,65,30,46.1538
"Resort Hotel",2017-08-15,52,20,38.4615
"Resort Hotel",2017-08-16,54,16,29.6296
"Resort Hotel",2017-08-17,89,45,50.5618
"Resort Hotel",2017-08-18,60,23,38.3333
"Resort Hotel",2017-08-19,66,27,40.9091
"Resort Hotel",2017-08-20,58,22,37.9310
"Resort Hotel",2017-08-21,65,26,40.0000
"Resort Hotel",2017-08-22,38,7,18.4211
"Resort Hotel",2017-08-23,40,12,30.0000
"Resort Hotel",2017-08-24,65,28,43.0769
"Resort Hotel",2017-08-25,52,17,32.6923
"Resort Hotel",2017-08-26,65,31,47.6923
"Resort Hotel",2017-08-27,67,21,31.3433
"Resort Hotel",2017-08-28,78,37,47.4359
"Resort Hotel",2017-08-29,35,14,40.0000
"Resort Hotel",2017-08-30,42,14,33.3333
"Resort Hotel",2017-08-31,55,14,25.4545
